trayectoria_id,figura,punto,x_m,y_m
19,Cruz irregular v2,0,0.20923,-0.0067
19,Cruz irregular v2,1,0.21051,-0.0067
19,Cruz irregular v2,2,0.2118,-0.0067
19,Cruz irregular v2,3,0.21308,-0.0067
19,Cruz irregular v2,4,0.21437,-0.0067
19,Cruz irregular v2,5,0.21566,-0.0067
19,Cruz irregular v2,6,0.21694,-0.0067
19,Cruz irregular v2,7,0.21823,-0.0067
19,Cruz irregular v2,8,0.21951,-0.0067
19,Cruz irregular v2,9,0.2208,-0.0067
19,Cruz irregular v2,10,0.22209,-0.0067
19,Cruz irregular v2,11,0.22337,-0.0067
19,Cruz irregular v2,12,0.22466,-0.0067
19,Cruz irregular v2,13,0.22584,-0.0068
19,Cruz irregular v2,14,0.22584,-0.00809
19,Cruz irregular v2,15,0.22584,-0.00938
19,Cruz irregular v2,16,0.22584,-0.01066
19,Cruz irregular v2,17,0.22584,-0.01195
19,Cruz irregular v2,18,0.22584,-0.01323
19,Cruz irregular v2,19,0.22584,-0.01452
19,Cruz irregular v2,20,0.22584,-0.01581
19,Cruz irregular v2,21,0.22584,-0.01709
19,Cruz irregular v2,22,0.22584,-0.01838
19,Cruz irregular v2,23,0.22584,-0.01966
19,Cruz irregular v2,24,0.22584,-0.02095
19,Cruz irregular v2,25,0.22584,-0.02223
19,Cruz irregular v2,26,0.22584,-0.02352
19,Cruz irregular v2,27,0.22584,-0.02481
19,Cruz irregular v2,28,0.22584,-0.02609
19,Cruz irregular v2,29,0.22589,-0.02733
19,Cruz irregular v2,30,0.22718,-0.02733
19,Cruz irregular v2,31,0.22847,-0.02733
19,Cruz irregular v2,32,0.22975,-0.02733
19,Cruz irregular v2,33,0.23104,-0.02733
19,Cruz irregular v2,34,0.23232,-0.02733
19,Cruz irregular v2,35,0.23361,-0.02733
19,Cruz irregular v2,36,0.2349,-0.02733
19,Cruz irregular v2,37,0.23618,-0.02733
19,Cruz irregular v2,38,0.23747,-0.02733
19,Cruz irregular v2,39,0.23875,-0.02733
19,Cruz irregular v2,40,0.24004,-0.02733
19,Cruz irregular v2,41,0.24133,-0.02733
19,Cruz irregular v2,42,0.24261,-0.02733
19,Cruz irregular v2,43,0.2439,-0.02733
19,Cruz irregular v2,44,0.24518,-0.02733
19,Cruz irregular v2,45,0.24647,-0.02733
19,Cruz irregular v2,46,0.24647,-0.02862
19,Cruz irregular v2,47,0.24647,-0.0299
19,Cruz irregular v2,48,0.24647,-0.03119
19,Cruz irregular v2,49,0.24647,-0.03247
19,Cruz irregular v2,50,0.24647,-0.03376
19,Cruz irregular v2,51,0.24647,-0.03504
19,Cruz irregular v2,52,0.24647,-0.03633
19,Cruz irregular v2,53,0.24647,-0.03762
19,Cruz irregular v2,54,0.24647,-0.0389
19,Cruz irregular v2,55,0.24647,-0.04019
19,Cruz irregular v2,56,0.24647,-0.04147
19,Cruz irregular v2,57,0.24647,-0.04276
19,Cruz irregular v2,58,0.24637,-0.04395
19,Cruz irregular v2,59,0.24508,-0.04395
19,Cruz irregular v2,60,0.2438,-0.04395
19,Cruz irregular v2,61,0.24251,-0.04395
19,Cruz irregular v2,62,0.24123,-0.04395
19,Cruz irregular v2,63,0.23994,-0.04395
19,Cruz irregular v2,64,0.23865,-0.04395
19,Cruz irregular v2,65,0.23737,-0.04395
19,Cruz irregular v2,66,0.23608,-0.04395
19,Cruz irregular v2,67,0.2348,-0.04395
19,Cruz irregular v2,68,0.23351,-0.04395
19,Cruz irregular v2,69,0.23222,-0.04395
19,Cruz irregular v2,70,0.23094,-0.04395
19,Cruz irregular v2,71,0.22965,-0.04395
19,Cruz irregular v2,72,0.22837,-0.04395
19,Cruz irregular v2,73,0.22708,-0.04395
19,Cruz irregular v2,74,0.22584,-0.044
19,Cruz irregular v2,75,0.22584,-0.04528
19,Cruz irregular v2,76,0.22584,-0.04657
19,Cruz irregular v2,77,0.22584,-0.04785
19,Cruz irregular v2,78,0.22584,-0.04914
19,Cruz irregular v2,79,0.22584,-0.05043
19,Cruz irregular v2,80,0.22584,-0.05171
19,Cruz irregular v2,81,0.22584,-0.053
19,Cruz irregular v2,82,0.22584,-0.05428
19,Cruz irregular v2,83,0.22584,-0.05557
19,Cruz irregular v2,84,0.22584,-0.05686
19,Cruz irregular v2,85,0.22584,-0.05814
19,Cruz irregular v2,86,0.22584,-0.05943
19,Cruz irregular v2,87,0.22584,-0.06071
19,Cruz irregular v2,88,0.22584,-0.062
19,Cruz irregular v2,89,0.22584,-0.06329
19,Cruz irregular v2,90,0.22584,-0.06457
19,Cruz irregular v2,91,0.22456,-0.06457
19,Cruz irregular v2,92,0.22327,-0.06457
19,Cruz irregular v2,93,0.22199,-0.06457
19,Cruz irregular v2,94,0.2207,-0.06457
19,Cruz irregular v2,95,0.21941,-0.06457
19,Cruz irregular v2,96,0.21813,-0.06457
19,Cruz irregular v2,97,0.21684,-0.06457
19,Cruz irregular v2,98,0.21556,-0.06457
19,Cruz irregular v2,99,0.21427,-0.06457
19,Cruz irregular v2,100,0.21299,-0.06457
19,Cruz irregular v2,101,0.2117,-0.06457
19,Cruz irregular v2,102,0.21041,-0.06457
19,Cruz irregular v2,103,0.20923,-0.06447
19,Cruz irregular v2,104,0.20923,-0.06319
19,Cruz irregular v2,105,0.20923,-0.0619
19,Cruz irregular v2,106,0.20923,-0.06062
19,Cruz irregular v2,107,0.20923,-0.05933
19,Cruz irregular v2,108,0.20923,-0.05804
19,Cruz irregular v2,109,0.20923,-0.05676
19,Cruz irregular v2,110,0.20923,-0.05547
19,Cruz irregular v2,111,0.20923,-0.05419
19,Cruz irregular v2,112,0.20923,-0.0529
19,Cruz irregular v2,113,0.20923,-0.05161
19,Cruz irregular v2,114,0.20923,-0.05033
19,Cruz irregular v2,115,0.20923,-0.04904
19,Cruz irregular v2,116,0.20923,-0.04776
19,Cruz irregular v2,117,0.20923,-0.04647
19,Cruz irregular v2,118,0.20923,-0.04518
19,Cruz irregular v2,119,0.20918,-0.04395
19,Cruz irregular v2,120,0.20789,-0.04395
19,Cruz irregular v2,121,0.2066,-0.04395
19,Cruz irregular v2,122,0.20532,-0.04395
19,Cruz irregular v2,123,0.20403,-0.04395
19,Cruz irregular v2,124,0.20275,-0.04395
19,Cruz irregular v2,125,0.20146,-0.04395
19,Cruz irregular v2,126,0.20018,-0.04395
19,Cruz irregular v2,127,0.19889,-0.04395
19,Cruz irregular v2,128,0.1976,-0.04395
19,Cruz irregular v2,129,0.19632,-0.04395
19,Cruz irregular v2,130,0.19503,-0.04395
19,Cruz irregular v2,131,0.19375,-0.04395
19,Cruz irregular v2,132,0.19246,-0.04395
19,Cruz irregular v2,133,0.19117,-0.04395
19,Cruz irregular v2,134,0.18989,-0.04395
19,Cruz irregular v2,135,0.1886,-0.04395
19,Cruz irregular v2,136,0.1886,-0.04266
19,Cruz irregular v2,137,0.1886,-0.04138
19,Cruz irregular v2,138,0.1886,-0.04009
19,Cruz irregular v2,139,0.1886,-0.0388
19,Cruz irregular v2,140,0.1886,-0.03752
19,Cruz irregular v2,141,0.1886,-0.03623
19,Cruz irregular v2,142,0.1886,-0.03495
19,Cruz irregular v2,143,0.1886,-0.03366
19,Cruz irregular v2,144,0.1886,-0.03237
19,Cruz irregular v2,145,0.1886,-0.03109
19,Cruz irregular v2,146,0.1886,-0.0298
19,Cruz irregular v2,147,0.1886,-0.02852
19,Cruz irregular v2,148,0.1887,-0.02733
19,Cruz irregular v2,149,0.18999,-0.02733
19,Cruz irregular v2,150,0.19127,-0.02733
19,Cruz irregular v2,151,0.19256,-0.02733
19,Cruz irregular v2,152,0.19384,-0.02733
19,Cruz irregular v2,153,0.19513,-0.02733
19,Cruz irregular v2,154,0.19642,-0.02733
19,Cruz irregular v2,155,0.1977,-0.02733
19,Cruz irregular v2,156,0.19899,-0.02733
19,Cruz irregular v2,157,0.20027,-0.02733
19,Cruz irregular v2,158,0.20156,-0.02733
19,Cruz irregular v2,159,0.20285,-0.02733
19,Cruz irregular v2,160,0.20413,-0.02733
19,Cruz irregular v2,161,0.20542,-0.02733
19,Cruz irregular v2,162,0.2067,-0.02733
19,Cruz irregular v2,163,0.20799,-0.02733
19,Cruz irregular v2,164,0.20923,-0.02728
19,Cruz irregular v2,165,0.20923,-0.02599
19,Cruz irregular v2,166,0.20923,-0.02471
19,Cruz irregular v2,167,0.20923,-0.02342
19,Cruz irregular v2,168,0.20923,-0.02214
19,Cruz irregular v2,169,0.20923,-0.02085
19,Cruz irregular v2,170,0.20923,-0.01956
19,Cruz irregular v2,171,0.20923,-0.01828
19,Cruz irregular v2,172,0.20923,-0.01699
19,Cruz irregular v2,173,0.20923,-0.01571
19,Cruz irregular v2,174,0.20923,-0.01442
19,Cruz irregular v2,175,0.20923,-0.01313
19,Cruz irregular v2,176,0.20923,-0.01185
19,Cruz irregular v2,177,0.20923,-0.01056
19,Cruz irregular v2,178,0.20923,-0.00928
19,Cruz irregular v2,179,0.20923,-0.00799
